predicted_confidence	predicted_time_cost	precision_macro	precision_micro	recall_macro	recall_micro	f1_macro	f1_micro	accuracy	N/M	lambda	human_ratio	precision_1	precision_0	recall_1	recall_0	f1_1	f1_0	real_time_cost
5362.572180852991	68.4382729999997	0.9832621649474017	0.9848061497227979	0.9757261651822393	0.9848404724131853	0.9794222516606346	0.9847809110720372	0.9848404724131853	0.4999	4.6	0.49991186321170455	0.9802197802197802	0.9863045496750232	0.9577666428060129	0.9936856875584659	0.9688631426502534	0.9899813606710158	0.5055637382862045